Insurance Provider,Pacific Crest Medical Center,Golden Gate Specialty Hospital,Sierra Advanced Medical Center,Westwood Institute of Medicine,Sequoia Valley Medical Center,Bayview University Hospital,San Gabriel Medical Institute,Coastal California Medical Center,Redwood Hills Hospital,Monterey Bay Medical Institute,Orange Coast Specialty Center,Sacramento Valley Hospital,Santa Clara Medical Institute,Pacific Horizon Hospital,East Bay Advanced Care Center,San Joaquin Medical Center,North Coast Specialty Hospital,Mission Valley Medical Center,Central Valley Medical Institute,Ventura Pacific Hospital,Inland Empire Specialty Center,Sonoma Regional Medical Center,South Bay Medical Institute,Napa Valley Specialty Hospital,Santa Cruz Coastal Hospital,Riverside Advanced Medical Center,Bakersfield Regional Institute,San Luis Coastal Medical Center,North Valley Medical Center,Imperial California Hospital
Pacific Horizon Health,1,0,1,1,1,1,1,1,1,1,1,1,1,1,0,1,1,0,0,1,1,1,1,1,0,0,1,1,1,0
Golden State Assurance,1,1,1,1,1,0,1,1,1,1,1,1,1,1,1,1,0,0,1,1,1,0,1,1,1,1,1,0,1,0
SierraCare Health Plan,0,1,0,1,1,0,0,0,1,0,1,0,1,1,1,1,0,1,0,1,1,1,1,1,1,0,1,1,1,1
Coastal Shield Insurance,1,1,1,1,1,1,1,1,1,1,0,1,1,1,0,1,0,0,1,1,0,0,1,1,0,1,1,1,0,1
Redwood Medical Coverage,1,1,1,1,0,0,1,1,1,0,1,1,1,0,0,1,0,1,0,0,0,1,1,0,1,1,1,1,1,0
California Unity Health,1,1,1,1,1,1,0,0,1,1,1,1,1,1,1,1,0,1,1,1,1,0,1,1,1,1,0,1,1,1
Suncrest Health Partners,0,1,1,1,0,1,0,1,0,0,1,0,1,1,1,0,0,1,0,1,1,1,0,0,0,0,1,0,1,1
WestBay Benefit Network,1,0,0,0,1,0,1,0,0,0,1,0,0,1,1,1,1,1,1,0,0,1,1,1,1,1,0,1,0,0
ValleyCare Assurance,1,1,0,1,1,1,0,1,0,1,0,1,0,1,1,1,0,0,0,1,1,0,0,1,0,1,0,0,1,1
Sequoia Health Plan,1,1,0,1,0,0,0,1,1,1,1,1,1,1,1,1,0,1,0,1,0,1,0,1,1,1,1,1,0,0
