Doctor ID,Doctor Name,Google Rating (1-5),GoodDoctor Rating (1-5)
DOC-001,Dr. Olivia Chen,4.6,4.9
DOC-002,Dr. Ethan Martinez,4.3,3.2
DOC-003,Dr. Maya Thomas,4.0,4.1
DOC-004,Dr. Daniel Harris,4.8,4.3
DOC-005,Dr. Sophia King,4.2,4.5
DOC-006,Dr. Noah Campbell,4.1,3.7
DOC-007,Dr. Ava Torres,3.1,4.0
DOC-008,Dr. Lucas Chen,4.5,3.9
DOC-009,Dr. Isabella Martinez,3.8,4.6
DOC-010,Dr. Mateo Thomas,4.0,4.6
DOC-011,Dr. Emma Clark,4.8,4.4
DOC-012,Dr. Liam Wright,4.2,3.9
DOC-013,Dr. Amelia Campbell,4.7,4.2
DOC-014,Dr. Henry Torres,4.7,3.6
DOC-015,Dr. Mia Chen,4.4,3.1
DOC-016,Dr. Julian Lee,3.9,4.1
DOC-017,Dr. Camila Taylor,4.3,3.7
DOC-018,Dr. Leo Clark,3.7,4.0
DOC-019,Dr. Elena Wright,4.4,4.2
DOC-020,Dr. Adrian Campbell,3.4,4.5
DOC-021,Dr. Nora Parker,4.9,3.9
DOC-022,Dr. Samuel Ramirez,4.5,5.0
DOC-023,Dr. Zoe Lee,4.4,4.6
DOC-024,Dr. Gabriel Taylor,3.7,4.4
DOC-025,Dr. Layla Clark,4.3,4.6
DOC-026,Dr. Owen Scott,3.9,4.8
DOC-027,Dr. Clara Mitchell,4.1,4.2
DOC-028,Dr. Isaac Parker,4.9,4.0
DOC-029,Dr. Naomi Ramirez,4.7,4.1
DOC-030,Dr. Nathan Lee,4.0,4.2
DOC-031,Dr. Chloe Moore,5.0,4.0
DOC-032,Dr. Caleb Lewis,4.1,4.3
DOC-033,Dr. Lena Scott,4.0,3.9
DOC-034,Dr. Aaron Mitchell,3.9,4.6
DOC-035,Dr. Grace Parker,4.2,4.0
DOC-036,Dr. Miles Patel,4.4,3.8
DOC-037,Dr. Eva Johnson,4.5,3.2
DOC-038,Dr. Jonah Moore,4.2,3.4
DOC-039,Dr. Ruby Lewis,4.7,3.1
DOC-040,Dr. Elias Scott,3.8,4.5
DOC-041,Dr. Alice Roberts,4.6,4.2
DOC-042,Dr. Theo Collins,3.9,4.1
DOC-043,Dr. Iris Patel,4.5,3.9
DOC-044,Dr. Simon Johnson,3.1,3.4
DOC-045,Dr. Julia Moore,4.6,3.8
DOC-046,Dr. Adam Robinson,4.1,4.6
DOC-047,Dr. Leah Green,4.1,3.9
DOC-048,Dr. Max Roberts,4.0,3.7
DOC-049,Dr. Sarah Collins,4.3,3.5
DOC-050,Dr. David Patel,5.0,4.9
DOC-051,Dr. Olivia Brown,4.1,5.0
DOC-052,Dr. Ethan Jackson,3.8,4.7
DOC-053,Dr. Maya Robinson,3.8,4.5
DOC-054,Dr. Daniel Green,4.2,3.9
DOC-055,Dr. Sophia Roberts,3.7,3.7
DOC-056,Dr. Noah Edwards,4.2,3.7
DOC-057,Dr. Ava Kim,3.7,3.6
DOC-058,Dr. Lucas Brown,3.9,4.6
DOC-059,Dr. Isabella Jackson,4.8,5.0
DOC-060,Dr. Mateo Robinson,4.8,4.6
DOC-061,Dr. Emma Baker,4.2,4.5
DOC-062,Dr. Liam Carter,4.4,2.9
DOC-063,Dr. Amelia Edwards,3.2,4.0
DOC-064,Dr. Henry Kim,4.4,3.1
DOC-065,Dr. Mia Brown,4.3,5.0
DOC-066,Dr. Julian Martin,4.9,3.2
DOC-067,Dr. Camila Walker,4.4,4.2
DOC-068,Dr. Leo Baker,4.2,3.4
DOC-069,Dr. Elena Carter,4.4,4.4
DOC-070,Dr. Adrian Edwards,4.7,4.1
DOC-071,Dr. Nora Nguyen,3.8,3.9
DOC-072,Dr. Samuel Davis,5.0,4.6
DOC-073,Dr. Zoe Martin,3.8,3.5
DOC-074,Dr. Gabriel Walker,4.5,3.7
DOC-075,Dr. Layla Baker,4.0,3.4
DOC-076,Dr. Owen Phillips,4.4,4.0
DOC-077,Dr. Clara Stewart,4.5,3.3
DOC-078,Dr. Isaac Nguyen,4.5,3.5
DOC-079,Dr. Naomi Davis,4.6,4.4
DOC-080,Dr. Nathan Martin,4.2,3.0
DOC-081,Dr. Chloe Young,3.8,4.4
DOC-082,Dr. Caleb Adams,4.5,3.1
DOC-083,Dr. Lena Phillips,4.0,3.9
DOC-084,Dr. Aaron Stewart,3.8,4.7
DOC-085,Dr. Grace Nguyen,3.8,4.1
DOC-086,Dr. Miles Wilson,4.9,3.2
DOC-087,Dr. Eva Thompson,4.4,4.9
DOC-088,Dr. Jonah Young,4.6,3.4
DOC-089,Dr. Ruby Adams,4.3,2.7
DOC-090,Dr. Elias Phillips,3.9,3.9
DOC-091,Dr. Alice Morris,4.2,5.0
DOC-092,Dr. Theo Garcia,5.0,3.5
DOC-093,Dr. Iris Wilson,3.9,4.1
DOC-094,Dr. Simon Thompson,4.4,4.4
DOC-095,Dr. Julia Young,3.5,5.0
DOC-096,Dr. Adam Nelson,3.5,2.9
DOC-097,Dr. Leah Evans,4.5,4.2
DOC-098,Dr. Max Morris,5.0,3.2
DOC-099,Dr. Sarah Garcia,4.2,4.3
DOC-100,Dr. David Wilson,4.2,5.0
DOC-101,Dr. Olivia White,4.0,4.8
DOC-102,Dr. Ethan Allen,4.2,4.1
DOC-103,Dr. Maya Nelson,4.3,4.2
DOC-104,Dr. Daniel Evans,4.2,4.4
DOC-105,Dr. Sophia Morris,3.5,4.1
DOC-106,Dr. Noah Williams,3.8,3.9
DOC-107,Dr. Ava Anderson,4.2,4.1
DOC-108,Dr. Lucas White,4.1,4.2
DOC-109,Dr. Isabella Allen,4.3,3.9
DOC-110,Dr. Mateo Nelson,4.3,5.0
DOC-111,Dr. Emma Turner,3.5,4.6
DOC-112,Dr. Liam Rogers,4.2,3.3
DOC-113,Dr. Amelia Williams,3.7,4.0
DOC-114,Dr. Henry Anderson,3.9,5.0
DOC-115,Dr. Mia White,3.2,4.4
DOC-116,Dr. Julian King,5.0,3.8
DOC-117,Dr. Camila Hill,3.6,3.4
DOC-118,Dr. Leo Turner,4.3,4.9
DOC-119,Dr. Elena Rogers,3.6,4.8
DOC-120,Dr. Adrian Williams,4.3,3.5
DOC-121,Dr. Nora Thomas,3.4,4.4
DOC-122,Dr. Samuel Harris,3.6,4.7
DOC-123,Dr. Zoe King,3.8,4.8
DOC-124,Dr. Gabriel Hill,4.6,4.5
DOC-125,Dr. Layla Turner,5.0,5.0
DOC-126,Dr. Owen Chen,4.3,3.6
DOC-127,Dr. Clara Martinez,4.6,3.9
DOC-128,Dr. Isaac Thomas,4.2,5.0
DOC-129,Dr. Naomi Harris,4.2,4.0
DOC-130,Dr. Nathan King,3.5,3.2
DOC-131,Dr. Chloe Campbell,3.6,5.0
DOC-132,Dr. Caleb Torres,3.6,4.4
DOC-133,Dr. Lena Chen,4.0,3.8
DOC-134,Dr. Aaron Martinez,4.1,4.2
DOC-135,Dr. Grace Thomas,4.1,4.7
DOC-136,Dr. Miles Clark,4.3,4.8
DOC-137,Dr. Eva Wright,3.4,4.3
DOC-138,Dr. Jonah Campbell,4.1,4.2
DOC-139,Dr. Ruby Torres,4.6,4.7
DOC-140,Dr. Elias Chen,4.2,4.6
DOC-141,Dr. Alice Lee,5.0,4.9
DOC-142,Dr. Theo Taylor,4.2,3.9
DOC-143,Dr. Iris Clark,4.2,4.0
DOC-144,Dr. Simon Wright,4.1,3.7
DOC-145,Dr. Julia Campbell,4.2,4.6
DOC-146,Dr. Adam Parker,4.6,3.7
DOC-147,Dr. Leah Ramirez,3.6,4.1
DOC-148,Dr. Max Lee,3.1,3.2
DOC-149,Dr. Sarah Taylor,4.0,4.3
DOC-150,Dr. David Clark,4.6,4.2
